distance,weather,stealth,engine_heat,noise,radar,infrared,acoustic,target
82.7,Fog,0.064,0.813,0.876,0.0,0.02,0.01,0
38.0,Rain,0.751,0.46,0.684,0.03,0.0,0.05,0
53.7,Rain,0.216,0.638,0.878,0.02,0.0,0.0,0
6.9,Rain,0.197,0.598,0.804,0.88,0.29,0.03,1
50.7,Fog,0.73,0.336,0.426,0.01,0.05,0.01,0
66.3,Rain,0.213,0.689,0.796,0.0,0.04,0.04,0
90.9,Rain,0.638,0.235,0.311,0.0,0.0,0.0,0
35.1,Fog,0.093,0.608,0.939,0.35,0.0,0.01,0
52.9,Clear,0.084,0.589,0.793,0.5,0.06,0.0,0
79.3,Rain,0.67,0.335,0.356,0.0,0.0,0.02,0
58.6,Rain,0.937,0.334,0.647,0.02,0.0,0.0,0
26.4,Fog,0.95,0.06,0.0,0.0,0.0,0.0,0
50.7,Clear,0.154,0.669,0.856,0.27,0.03,0.0,0
43.8,Fog,0.796,0.661,0.485,0.08,0.02,0.0,0
19.3,Rain,0.594,0.299,0.322,0.13,0.02,0.03,0
54.7,Fog,0.047,0.851,0.837,0.18,0.06,0.0,0
55.6,Rain,0.22,0.458,0.1,0.04,0.0,0.0,0
22.7,Rain,0.224,0.668,0.937,0.03,0.0,0.0,0
65.7,Clear,0.021,0.813,0.852,0.87,0.01,0.0,0
60.8,Rain,0.949,0.06,0.0,0.0,0.0,0.0,0
56.8,Rain,0.755,0.542,0.567,0.02,0.0,0.0,0
26.6,Rain,0.026,0.801,0.84,0.46,0.01,0.0,0
21.2,Fog,0.612,0.396,0.335,0.05,0.03,0.03,0
88.5,Fog,0.216,0.66,0.279,0.0,0.01,0.0,0
71.3,Rain,0.634,0.426,0.331,0.0,0.04,0.05,0
95.0,Fog,0.703,0.357,0.152,0.04,0.03,0.0,0
32.7,Fog,0.073,0.765,0.879,0.95,0.15,0.01,1
28.7,Rain,0.504,0.416,0.34,0.0,0.0,0.0,0
91.9,Fog,0.699,0.379,0.402,0.0,0.01,0.0,0
11.5,Clear,0.722,0.279,0.306,0.22,0.1,0.0,0
94.6,Fog,0.087,0.597,0.939,0.0,0.0,0.0,0
87.0,Clear,0.59,0.341,0.391,0.0,0.0,0.05,0
87.0,Fog,0.854,0.289,0.624,0.02,0.0,0.0,0
8.9,Rain,0.579,0.267,0.331,0.18,0.08,0.0,0
56.7,Rain,0.096,0.695,0.836,0.0,0.0,0.05,0
66.3,Clear,0.573,0.34,0.361,0.23,0.0,0.04,0
45.7,Rain,0.54,0.508,0.54,0.05,0.0,0.05,0
23.2,Clear,0.673,0.557,0.654,0.01,0.13,0.02,0
83.8,Rain,0.08,0.852,0.891,0.03,0.05,0.02,0
8.5,Rain,0.503,0.272,0.318,0.54,0.02,0.05,0
83.5,Clear,0.227,0.7,0.854,0.08,0.02,0.04,0
78.5,Fog,0.627,0.456,0.323,0.0,0.0,0.05,0
87.9,Fog,0.952,0.085,0.008,0.0,0.01,0.0,0
39.2,Rain,0.06,0.643,0.786,0.0,0.0,0.0,0
69.8,Rain,0.66,0.381,0.434,0.01,0.02,0.0,0
64.2,Clear,0.064,0.803,0.843,0.43,0.04,0.01,0
18.7,Rain,0.117,0.632,0.759,0.03,0.03,0.0,0
64.1,Rain,0.239,0.615,0.817,0.0,0.04,0.08,0
70.0,Rain,0.954,0.05,0.0,0.0,0.01,0.01,0
79.1,Fog,0.723,0.338,0.324,0.0,0.01,0.05,0
24.8,Clear,0.89,0.227,0.691,0.0,0.0,0.01,0
62.6,Rain,0.232,0.77,0.826,0.03,0.0,0.0,0
29.7,Fog,0.178,0.73,0.867,0.62,0.01,0.0,0
19.5,Clear,0.742,0.329,0.398,0.06,0.05,0.02,0
91.2,Fog,0.026,0.874,0.776,0.18,0.0,0.0,0
37.1,Rain,0.729,0.392,0.432,0.0,0.04,0.04,0
85.0,Rain,0.089,0.826,0.809,0.0,0.0,0.0,0
51.2,Rain,0.966,0.25,0.629,0.0,0.0,0.0,0
47.7,Clear,0.187,0.712,0.769,0.44,0.09,0.07,0
20.3,Fog,0.6,0.395,0.415,0.06,0.09,0.0,0
62.3,Fog,0.897,0.229,0.532,0.01,0.0,0.0,0
50.8,Clear,0.384,0.407,0.608,0.22,0.06,0.0,0
27.7,Fog,0.495,0.338,0.616,0.64,0.0,0.11,0
10.6,Rain,0.987,0.076,0.0,0.0,0.06,0.0,0
89.9,Fog,0.943,0.047,0.0,0.02,0.05,0.0,0
53.3,Clear,0.946,0.244,0.512,0.0,0.06,0.0,0
41.9,Clear,0.757,0.584,0.585,0.0,0.03,0.02,0
92.7,Rain,0.267,0.415,0.15,0.06,0.03,0.01,0
14.0,Rain,0.07,0.871,0.842,0.86,0.18,0.01,1
93.6,Clear,0.716,0.481,0.191,0.0,0.01,0.03,0
68.4,Clear,0.761,0.557,0.643,0.02,0.01,0.0,0
11.5,Clear,0.626,0.573,0.599,0.08,0.27,0.0,0
86.8,Clear,0.546,0.344,0.335,0.0,0.0,0.03,0
69.2,Rain,0.426,0.402,0.134,0.01,0.0,0.0,0
80.4,Clear,0.071,0.632,0.815,0.01,0.01,0.0,0
53.7,Clear,0.243,0.758,0.83,0.35,0.05,0.0,0
9.3,Rain,0.086,0.72,0.852,1.0,0.3,0.0,1
83.3,Clear,0.218,0.629,0.788,0.13,0.0,0.0,0
76.0,Fog,0.971,0.064,0.0,0.06,0.03,0.0,0
85.6,Rain,0.507,0.336,0.395,0.0,0.0,0.0,0
44.3,Rain,0.663,0.607,0.557,0.0,0.03,0.0,0
37.7,Clear,0.139,0.739,0.828,0.26,0.12,0.0,0
81.0,Clear,0.111,0.756,0.765,0.0,0.03,0.0,0
58.8,Fog,0.545,0.289,0.409,0.02,0.05,0.0,0
22.3,Clear,0.368,0.551,0.357,0.34,0.1,0.04,0
47.4,Clear,0.64,0.321,0.42,0.05,0.04,0.04,0
64.2,Clear,0.935,0.08,0.006,0.0,0.0,0.0,0
65.1,Rain,0.525,0.334,0.446,0.0,0.02,0.04,0
16.7,Clear,0.445,0.332,0.493,0.47,0.1,0.02,0
37.8,Fog,0.768,0.401,0.357,0.03,0.0,0.01,0
41.5,Clear,0.304,0.505,0.477,0.54,0.05,0.06,0
83.1,Rain,0.892,0.321,0.658,0.0,0.0,0.0,0
67.9,Clear,0.02,0.772,0.765,0.77,0.01,0.0,0
27.6,Rain,0.033,0.809,0.846,0.1,0.0,0.0,0
5.9,Clear,0.2,0.798,0.848,0.98,0.91,0.11,1
62.8,Fog,0.742,0.34,0.39,0.0,0.0,0.0,0
19.0,Rain,0.875,0.27,0.611,0.0,0.04,0.02,0
27.4,Rain,0.235,0.168,0.271,0.0,0.0,0.0,0
24.9,Fog,0.121,0.791,0.884,0.2,0.0,0.04,0
79.9,Rain,0.733,0.321,0.406,0.02,0.0,0.0,0
71.3,Fog,0.005,0.789,0.769,0.03,0.06,0.0,0
41.8,Clear,0.118,0.695,0.801,0.46,0.06,0.02,0
41.3,Fog,0.095,0.814,0.866,0.88,0.02,0.03,0
84.8,Rain,0.733,0.344,0.315,0.07,0.03,0.04,0
70.6,Rain,0.663,0.684,0.599,0.0,0.04,0.0,0
49.0,Clear,0.98,0.214,0.522,0.01,0.0,0.0,0
63.3,Rain,0.033,0.868,0.855,0.01,0.07,0.0,0
55.9,Clear,0.525,0.387,0.338,0.05,0.03,0.05,0
74.6,Clear,0.674,0.321,0.302,0.0,0.05,0.03,0
86.2,Clear,0.606,0.235,0.136,0.15,0.01,0.0,0
71.1,Clear,0.551,0.704,0.329,0.0,0.05,0.0,0
69.7,Fog,0.885,0.243,0.689,0.0,0.06,0.0,0
43.6,Rain,0.926,0.061,0.0,0.02,0.0,0.0,0
75.5,Clear,0.727,0.512,0.671,0.1,0.01,0.01,0
64.7,Fog,0.977,0.061,0.018,0.0,0.0,0.0,0
67.7,Clear,0.716,0.265,0.392,0.0,0.03,0.0,0
6.7,Fog,0.584,0.287,0.123,0.05,0.27,0.06,0
7.3,Fog,0.902,0.269,0.532,0.0,0.05,0.0,0
80.4,Clear,0.772,0.554,0.558,0.0,0.0,0.05,0
72.4,Fog,0.703,0.368,0.397,0.0,0.04,0.02,0
52.7,Clear,0.669,0.34,0.333,0.07,0.0,0.03,0
6.3,Clear,0.735,0.473,0.632,0.93,0.41,0.02,1
45.1,Clear,0.903,0.267,0.583,0.03,0.05,0.0,0
58.6,Fog,0.971,0.04,0.0,0.02,0.04,0.07,0
39.2,Rain,0.954,0.085,0.041,0.0,0.01,0.03,0
19.4,Fog,0.694,0.438,0.398,0.09,0.02,0.02,0
38.8,Rain,0.189,0.777,0.773,0.02,0.0,0.0,0
53.5,Fog,0.657,0.498,0.649,0.02,0.04,0.0,0
78.3,Clear,0.711,0.566,0.266,0.0,0.01,0.0,0
91.3,Fog,0.652,0.55,0.694,0.03,0.01,0.0,0
67.1,Fog,0.695,0.369,0.367,0.03,0.0,0.0,0
68.4,Fog,0.037,0.782,0.773,0.24,0.0,0.0,0
63.7,Fog,0.962,0.056,0.0,0.04,0.0,0.02,0
60.7,Clear,0.597,0.385,0.413,0.04,0.04,0.0,0
9.1,Rain,0.135,0.716,0.922,0.89,0.29,0.04,1
73.1,Fog,0.647,0.344,0.378,0.0,0.02,0.06,0
86.1,Fog,0.948,0.085,0.0,0.0,0.01,0.0,0
34.1,Fog,0.735,0.4,0.257,0.11,0.0,0.04,0
85.7,Clear,0.674,0.568,0.581,0.03,0.0,0.0,0
75.6,Fog,0.765,0.306,0.691,0.0,0.0,0.0,0
22.7,Clear,0.096,0.714,0.929,0.87,0.23,0.04,1
43.4,Rain,0.748,0.381,0.344,0.0,0.0,0.04,0
41.8,Fog,0.204,0.622,0.8,0.38,0.05,0.0,0
69.8,Fog,0.125,0.734,0.909,0.12,0.0,0.12,0
58.6,Clear,0.515,0.354,0.334,0.03,0.0,0.04,0
44.8,Rain,0.934,0.09,0.0,0.01,0.0,0.05,0
68.4,Rain,0.186,0.758,0.869,0.02,0.02,0.01,0
84.5,Clear,0.159,0.769,0.833,0.09,0.04,0.0,0
37.1,Clear,0.278,0.147,0.112,0.14,0.0,0.0,0
55.8,Clear,0.756,0.492,0.638,0.0,0.01,0.04,0
21.1,Fog,0.975,0.077,0.0,0.0,0.03,0.0,0
5.3,Rain,0.065,0.712,0.937,1.0,0.78,0.18,1
60.0,Fog,0.096,0.8,0.758,0.66,0.0,0.0,0
90.7,Clear,0.018,0.696,0.866,0.47,0.0,0.0,0
53.4,Clear,0.149,0.753,0.884,0.51,0.12,0.0,0
63.4,Fog,0.458,0.654,0.417,0.03,0.03,0.0,0
17.3,Clear,0.244,0.76,0.931,0.89,0.34,0.05,1
19.2,Fog,0.566,0.398,0.387,0.1,0.08,0.02,0
94.4,Rain,0.874,0.302,0.691,0.0,0.0,0.02,0
40.8,Fog,0.746,0.488,0.693,0.03,0.04,0.0,0
12.9,Rain,0.033,0.741,0.804,0.84,0.16,0.0,0
81.3,Fog,0.6,0.32,0.392,0.0,0.0,0.05,0
44.5,Clear,0.724,0.318,0.35,0.05,0.03,0.0,0
45.7,Clear,0.073,0.836,0.897,0.88,0.06,0.0,0
9.1,Fog,0.121,0.641,0.793,0.84,0.44,0.03,1
31.3,Fog,0.073,0.895,0.757,0.75,0.0,0.0,0
65.4,Fog,0.166,0.682,0.844,0.04,0.0,0.03,0
31.2,Clear,0.962,0.07,0.0,0.0,0.0,0.05,0
33.8,Clear,0.661,0.257,0.407,0.05,0.04,0.0,0
70.5,Rain,0.091,0.814,0.887,0.0,0.0,0.06,0
89.4,Fog,0.164,0.829,0.762,0.01,0.02,0.02,0
86.3,Clear,0.661,0.342,0.387,0.02,0.06,0.0,0
56.1,Fog,0.639,0.344,0.309,0.0,0.06,0.0,0
78.6,Fog,0.634,0.597,0.57,0.04,0.02,0.01,0
38.5,Rain,0.503,0.502,0.687,0.07,0.0,0.0,0
93.3,Clear,0.559,0.276,0.412,0.0,0.0,0.05,0
55.9,Fog,0.06,0.727,0.767,0.29,0.03,0.0,0
88.5,Clear,0.053,0.793,0.873,0.24,0.0,0.01,0
28.5,Rain,0.08,0.683,0.758,0.24,0.0,0.0,0
11.7,Clear,0.943,0.059,0.0,0.0,0.0,0.0,0
31.3,Clear,0.125,0.66,0.766,0.19,0.11,0.03,0
66.9,Clear,0.017,0.724,0.792,0.72,0.04,0.0,0
56.1,Fog,0.006,0.903,0.831,0.68,0.05,0.05,0
40.9,Rain,0.01,0.831,0.778,0.15,0.0,0.03,0
21.1,Fog,0.164,0.785,0.927,0.29,0.01,0.02,0
52.1,Rain,0.708,0.503,0.641,0.0,0.02,0.03,0
31.5,Clear,0.409,0.419,0.556,0.6,0.05,0.04,0
83.0,Fog,0.551,0.349,0.373,0.01,0.03,0.04,0
61.3,Rain,0.948,0.074,0.0,0.05,0.01,0.0,0
66.9,Rain,0.914,0.228,0.571,0.01,0.04,0.02,0
22.8,Clear,0.637,0.31,0.332,0.18,0.05,0.03,0
19.8,Clear,0.694,0.396,0.416,0.03,0.08,0.0,0
66.1,Rain,0.553,0.419,0.388,0.03,0.04,0.0,0
57.5,Fog,0.322,0.659,0.473,0.14,0.06,0.0,0
89.3,Clear,0.568,0.39,0.376,0.04,0.02,0.0,0
25.5,Rain,0.925,0.053,0.0,0.02,0.0,0.07,0
56.0,Rain,0.778,0.576,0.631,0.0,0.04,0.0,0
73.4,Fog,0.538,0.674,0.15,0.06,0.0,0.0,0
12.6,Clear,0.637,0.594,0.62,0.1,0.29,0.07,0
57.4,Clear,0.665,0.525,0.58,0.02,0.01,0.1,0
79.7,Clear,0.629,0.146,0.648,0.0,0.03,0.02,0
36.7,Clear,0.028,0.854,0.899,0.86,0.14,0.0,0
92.2,Rain,0.575,0.251,0.445,0.0,0.03,0.04,0
85.4,Fog,0.061,0.738,0.826,0.06,0.03,0.0,0
27.1,Rain,0.736,0.305,0.364,0.0,0.04,0.02,0
87.6,Clear,0.706,0.55,0.557,0.03,0.0,0.0,0
74.3,Fog,0.562,0.497,0.38,0.03,0.0,0.02,0
11.0,Rain,0.708,0.357,0.337,0.19,0.05,0.1,0
9.8,Clear,0.704,0.285,0.43,0.25,0.11,0.0,0
71.2,Fog,0.236,0.735,0.889,0.02,0.04,0.0,0
82.9,Fog,0.739,0.466,0.138,0.02,0.0,0.0,0
23.4,Clear,0.006,0.757,0.76,1.0,0.22,0.06,1
52.3,Fog,0.778,0.642,0.565,0.0,0.05,0.0,0
85.9,Rain,0.508,0.243,0.413,0.04,0.0,0.0,0
43.9,Rain,0.623,0.307,0.394,0.0,0.0,0.0,0
82.4,Rain,0.047,0.813,0.864,0.02,0.01,0.06,0
32.1,Clear,0.503,0.562,0.332,0.32,0.04,0.0,0
8.1,Fog,0.889,0.265,0.569,0.03,0.15,0.01,0
46.0,Rain,0.119,0.737,0.873,0.03,0.08,0.03,0
26.4,Rain,0.233,0.717,0.95,0.0,0.0,0.08,0
78.0,Clear,0.016,0.843,0.869,0.71,0.01,0.05,0
66.9,Clear,0.506,0.368,0.418,0.0,0.01,0.02,0
53.7,Clear,0.028,0.825,0.891,0.88,0.11,0.0,0
63.6,Clear,0.63,0.593,0.693,0.0,0.0,0.03,0
21.8,Fog,0.041,0.785,0.854,0.78,0.32,0.01,1
83.9,Fog,0.07,0.809,0.846,0.09,0.02,0.06,0
80.2,Fog,0.61,0.385,0.405,0.03,0.05,0.04,0
18.6,Rain,0.923,0.049,0.0,0.01,0.0,0.0,0
14.2,Clear,0.604,0.361,0.422,0.15,0.11,0.0,0
67.8,Rain,0.601,0.52,0.651,0.0,0.02,0.05,0
39.0,Clear,0.593,0.271,0.366,0.07,0.0,0.0,0
85.3,Clear,0.973,0.064,0.0,0.05,0.01,0.03,0
67.5,Clear,0.619,0.267,0.393,0.0,0.05,0.0,0
59.2,Clear,0.052,0.696,0.845,0.43,0.0,0.0,0
33.6,Fog,0.624,0.341,0.385,0.0,0.0,0.0,0
13.3,Clear,0.931,0.236,0.694,0.0,0.09,0.01,0
76.7,Fog,0.164,0.794,0.906,0.01,0.06,0.05,0
59.0,Rain,0.215,0.666,0.921,0.03,0.0,0.0,0
13.4,Fog,0.069,0.681,0.784,0.59,0.5,0.01,1
69.8,Rain,0.098,0.809,0.772,0.01,0.0,0.02,0
66.5,Fog,0.604,0.383,0.308,0.0,0.05,0.0,0
44.0,Fog,0.016,0.89,0.826,0.22,0.0,0.03,0
57.2,Clear,0.03,0.763,0.864,0.75,0.04,0.06,0
65.0,Rain,0.61,0.352,0.39,0.01,0.0,0.05,0
33.3,Clear,0.608,0.612,0.427,0.59,0.06,0.0,0
12.6,Fog,0.661,0.386,0.391,0.44,0.1,0.0,0
94.3,Fog,0.579,0.41,0.475,0.0,0.01,0.02,0
46.5,Rain,0.472,0.401,0.169,0.0,0.01,0.0,0
56.2,Clear,0.655,0.381,0.416,0.0,0.0,0.0,0
90.1,Clear,0.95,0.329,0.675,0.0,0.0,0.0,0
70.2,Fog,0.0,0.791,0.832,0.45,0.0,0.0,0
89.1,Rain,0.928,0.301,0.649,0.0,0.0,0.03,0
47.0,Clear,0.637,0.324,0.417,0.05,0.03,0.0,0
33.0,Clear,0.618,0.324,0.392,0.1,0.0,0.0,0
75.1,Fog,0.666,0.587,0.683,0.05,0.02,0.0,0
40.3,Rain,0.03,0.713,0.884,0.43,0.02,0.04,0
82.5,Clear,0.484,0.117,0.465,0.04,0.0,0.02,0
54.3,Fog,0.072,0.826,0.818,0.49,0.04,0.0,0
54.3,Fog,0.657,0.597,0.247,0.17,0.0,0.0,0
18.3,Fog,0.609,0.451,0.359,0.03,0.15,0.05,0
11.9,Fog,0.169,0.639,0.898,0.56,0.46,0.06,1
12.9,Clear,0.058,0.811,0.823,0.94,0.51,0.02,1
6.1,Fog,0.631,0.582,0.553,0.1,0.57,0.01,0
86.3,Clear,0.041,0.82,0.889,0.26,0.02,0.02,0
76.3,Rain,0.86,0.317,0.586,0.0,0.0,0.05,0
27.5,Rain,0.65,0.349,0.399,0.0,0.01,0.0,0
52.0,Rain,0.26,0.469,0.663,0.01,0.03,0.0,0
50.5,Fog,0.111,0.766,0.833,0.44,0.0,0.03,0
45.1,Clear,0.018,0.837,0.784,0.43,0.12,0.0,0
76.3,Clear,0.044,0.801,0.817,0.55,0.01,0.0,0
5.5,Fog,0.72,0.518,0.615,0.12,0.62,0.06,0
19.0,Rain,0.647,0.606,0.573,0.0,0.03,0.0,0
85.3,Clear,0.579,0.305,0.425,0.0,0.0,0.0,0
81.1,Fog,0.044,0.849,0.846,0.48,0.0,0.0,0
18.7,Clear,0.554,0.366,0.386,0.36,0.05,0.0,0
26.5,Fog,0.003,0.816,0.896,0.38,0.25,0.0,0
83.0,Clear,0.901,0.253,0.569,0.0,0.0,0.0,0
78.0,Clear,0.207,0.727,0.893,0.18,0.05,0.0,0
61.3,Rain,0.169,0.734,0.838,0.0,0.0,0.0,0
25.9,Rain,0.308,0.244,0.25,0.28,0.01,0.0,0
86.3,Clear,0.973,0.059,0.011,0.0,0.03,0.01,0
69.8,Rain,0.53,0.294,0.443,0.0,0.1,0.0,0
24.9,Fog,0.752,0.542,0.576,0.03,0.0,0.0,0
44.6,Clear,0.662,0.584,0.667,0.0,0.0,0.02,0
94.4,Rain,0.025,0.817,0.763,0.0,0.0,0.02,0
32.1,Clear,0.971,0.268,0.562,0.06,0.02,0.04,0
77.4,Fog,0.858,0.291,0.662,0.0,0.0,0.04,0
47.4,Rain,0.986,0.038,0.0,0.0,0.01,0.03,0
69.1,Clear,0.137,0.791,0.77,0.18,0.0,0.02,0
15.2,Fog,0.736,0.288,0.31,0.06,0.0,0.0,0
33.2,Rain,0.559,0.252,0.446,0.04,0.01,0.0,0
30.7,Clear,0.123,0.62,0.807,0.67,0.14,0.04,0
79.3,Rain,0.532,0.287,0.393,0.0,0.0,0.02,0
84.0,Rain,0.076,0.736,0.918,0.0,0.0,0.0,0
16.6,Clear,0.688,0.675,0.6,0.18,0.29,0.0,0
72.7,Clear,0.566,0.33,0.333,0.03,0.0,0.0,0
8.1,Fog,0.246,0.343,0.269,1.0,0.29,0.0,1
56.1,Fog,0.077,0.777,0.815,0.09,0.06,0.04,0
61.6,Fog,0.023,0.77,0.871,0.52,0.02,0.03,0
82.3,Fog,0.718,0.411,0.398,0.0,0.02,0.0,0
32.5,Fog,0.692,0.303,0.371,0.05,0.0,0.0,0
58.1,Rain,0.932,0.033,0.039,0.0,0.0,0.03,0
35.4,Fog,0.028,0.852,0.855,0.97,0.14,0.1,1
30.7,Fog,0.493,0.264,0.584,0.16,0.0,0.08,0
52.4,Clear,0.139,0.628,0.892,0.11,0.1,0.0,0
29.2,Fog,0.074,0.865,0.807,0.98,0.06,0.0,1
77.0,Fog,0.226,0.739,0.802,0.02,0.0,0.01,0
32.3,Clear,0.017,0.792,0.833,0.73,0.13,0.0,0
64.5,Rain,0.526,0.35,0.318,0.01,0.07,0.05,0
26.0,Fog,0.035,0.67,0.878,0.98,0.14,0.1,1
33.1,Fog,0.567,0.42,0.413,0.0,0.02,0.0,0
60.9,Fog,0.521,0.353,0.398,0.01,0.04,0.0,0
42.1,Rain,0.67,0.373,0.423,0.01,0.0,0.0,0
60.1,Fog,0.148,0.788,0.831,0.05,0.0,0.0,0
20.5,Rain,0.974,0.069,0.045,0.0,0.04,0.04,0
42.8,Fog,0.675,0.601,0.557,0.03,0.0,0.0,0
16.8,Rain,0.773,0.531,0.611,0.0,0.06,0.0,0
64.3,Rain,0.022,0.763,0.853,0.01,0.0,0.02,0
73.5,Clear,0.563,0.416,0.421,0.02,0.02,0.07,0
77.3,Clear,0.951,0.212,0.566,0.0,0.06,0.05,0
10.3,Clear,0.703,0.294,0.389,0.14,0.11,0.0,0
23.2,Clear,0.872,0.269,0.627,0.02,0.03,0.0,0
59.4,Rain,0.608,0.413,0.359,0.0,0.0,0.0,0
25.6,Fog,0.56,0.355,0.385,0.0,0.0,0.0,0
92.4,Fog,0.192,0.769,0.777,0.05,0.01,0.01,0
17.3,Rain,0.921,0.093,0.027,0.0,0.0,0.01,0
90.2,Clear,0.915,0.301,0.643,0.02,0.0,0.0,0
44.9,Rain,0.785,0.446,0.61,0.01,0.0,0.0,0
40.4,Clear,0.879,0.305,0.65,0.0,0.01,0.0,0
10.7,Rain,0.107,0.738,0.793,0.41,0.22,0.01,0
70.8,Clear,0.584,0.567,0.246,0.26,0.03,0.0,0
70.2,Rain,0.611,0.173,0.66,0.0,0.0,0.0,0
26.7,Clear,0.852,0.313,0.596,0.0,0.03,0.0,0
50.9,Fog,0.99,0.092,0.005,0.0,0.01,0.06,0
30.3,Fog,0.166,0.729,0.818,0.11,0.1,0.0,0
8.7,Rain,0.535,0.442,0.665,0.5,0.27,0.0,0
43.7,Clear,0.604,0.639,0.645,0.0,0.05,0.0,0
43.4,Fog,0.476,0.273,0.404,0.07,0.0,0.08,0
10.1,Rain,0.617,0.26,0.424,0.3,0.02,0.1,0
58.6,Fog,0.089,0.812,0.805,0.27,0.0,0.0,0
20.9,Rain,0.875,0.346,0.614,0.03,0.04,0.01,0
59.4,Clear,0.573,0.272,0.431,0.01,0.09,0.0,0
41.2,Clear,0.166,0.628,0.894,0.25,0.08,0.0,0
50.6,Rain,0.239,0.738,0.789,0.03,0.0,0.08,0
41.8,Clear,0.612,0.267,0.341,0.06,0.0,0.01,0
12.4,Clear,0.776,0.488,0.596,0.02,0.2,0.0,0
59.6,Fog,0.025,0.828,0.768,0.07,0.08,0.0,0
23.0,Clear,0.61,0.26,0.353,0.2,0.01,0.0,0
80.4,Clear,0.224,0.674,0.561,0.04,0.01,0.01,0
29.5,Rain,0.073,0.807,0.819,0.25,0.01,0.08,0
5.8,Clear,0.002,0.779,0.79,0.99,0.95,0.01,1
51.6,Clear,0.156,0.724,0.798,0.19,0.05,0.03,0
19.0,Fog,0.083,0.768,0.762,0.6,0.22,0.0,0
80.7,Clear,0.785,0.535,0.694,0.0,0.02,0.0,0
75.7,Rain,0.904,0.273,0.635,0.0,0.05,0.0,0
43.9,Clear,0.733,0.355,0.331,0.0,0.0,0.0,0
24.3,Rain,0.193,0.678,0.817,0.49,0.05,0.0,0
67.0,Fog,0.51,0.437,0.41,0.01,0.02,0.0,0
59.5,Fog,0.564,0.289,0.367,0.0,0.01,0.05,0
67.2,Fog,0.938,0.1,0.0,0.0,0.0,0.0,0
44.0,Fog,0.022,0.883,0.895,0.8,0.07,0.0,0
85.1,Fog,0.412,0.482,0.257,0.0,0.08,0.0,0
17.1,Fog,0.72,0.554,0.6,0.0,0.16,0.0,0
33.6,Fog,0.164,0.635,0.781,0.08,0.13,0.04,0
86.0,Clear,0.734,0.284,0.439,0.01,0.0,0.01,0
45.8,Rain,0.053,0.829,0.802,0.04,0.03,0.0,0
63.8,Rain,0.355,0.448,0.284,0.0,0.0,0.04,0
65.4,Fog,0.937,0.075,0.045,0.01,0.0,0.0,0
52.9,Clear,0.017,0.747,0.774,0.49,0.01,0.03,0
27.6,Clear,0.675,0.451,0.67,0.06,0.07,0.02,0
34.0,Fog,0.974,0.239,0.578,0.01,0.09,0.02,0
10.7,Fog,0.608,0.367,0.364,0.47,0.18,0.06,0
82.4,Fog,0.528,0.244,0.145,0.0,0.0,0.0,0
37.9,Rain,0.188,0.683,0.932,0.0,0.02,0.0,0
42.8,Fog,0.582,0.385,0.312,0.0,0.05,0.0,0
39.7,Fog,0.067,0.747,0.838,0.19,0.12,0.06,0
82.4,Fog,0.764,0.639,0.652,0.0,0.0,0.0,0
93.6,Clear,0.077,0.835,0.782,0.22,0.02,0.0,0
39.3,Clear,0.045,0.818,0.882,0.9,0.12,0.03,1
60.1,Clear,0.066,0.789,0.888,0.74,0.03,0.03,0
57.2,Rain,0.964,0.298,0.562,0.0,0.0,0.0,0
27.2,Clear,0.699,0.449,0.34,0.05,0.08,0.0,0
54.6,Fog,0.085,0.704,0.839,0.37,0.0,0.03,0
62.3,Fog,0.066,0.8,0.843,0.11,0.0,0.0,0
65.3,Clear,0.744,0.296,0.345,0.03,0.02,0.0,0
10.3,Clear,0.541,0.353,0.36,0.7,0.16,0.03,0
32.7,Rain,0.947,0.067,0.0,0.0,0.02,0.03,0
36.4,Fog,0.796,0.295,0.169,0.09,0.02,0.0,0
81.6,Fog,0.654,0.296,0.28,0.0,0.02,0.02,0
33.1,Fog,0.359,0.113,0.522,0.22,0.0,0.03,0
16.4,Rain,0.009,0.856,0.783,0.82,0.02,0.0,0
38.7,Fog,0.272,0.667,0.12,0.49,0.08,0.05,0
94.0,Rain,0.972,0.044,0.026,0.0,0.0,0.06,0
92.6,Rain,0.342,0.262,0.475,0.0,0.06,0.03,0
10.5,Rain,0.257,0.357,0.451,0.84,0.01,0.03,0
26.5,Rain,0.563,0.298,0.443,0.0,0.01,0.0,0
24.1,Fog,0.286,0.352,0.139,0.73,0.0,0.05,0
93.8,Fog,0.057,0.775,0.825,0.09,0.0,0.04,0
50.5,Clear,0.771,0.576,0.567,0.0,0.02,0.0,0
65.6,Fog,0.172,0.655,0.881,0.04,0.1,0.0,0
18.5,Rain,0.031,0.806,0.781,0.91,0.07,0.0,0
49.1,Fog,0.678,0.329,0.351,0.06,0.01,0.0,0
57.6,Clear,0.215,0.697,0.889,0.32,0.0,0.02,0
29.0,Rain,0.678,0.689,0.208,0.03,0.03,0.02,0
41.3,Clear,0.025,0.815,0.753,0.92,0.09,0.0,1
87.2,Clear,0.952,0.279,0.646,0.02,0.0,0.0,0
39.0,Rain,0.157,0.663,0.771,0.06,0.0,0.0,0
80.7,Rain,0.935,0.093,0.0,0.01,0.0,0.03,0
17.7,Rain,0.638,0.346,0.39,0.08,0.02,0.01,0
72.3,Clear,0.596,0.372,0.365,0.03,0.0,0.0,0
78.9,Clear,0.535,0.359,0.315,0.0,0.01,0.0,0
34.0,Rain,0.192,0.748,0.934,0.0,0.0,0.03,0
64.6,Rain,0.651,0.274,0.39,0.03,0.04,0.05,0
47.8,Fog,0.76,0.551,0.551,0.0,0.02,0.04,0
16.0,Fog,0.739,0.256,0.448,0.05,0.08,0.0,0
39.6,Fog,0.061,0.659,0.846,0.2,0.08,0.02,0
63.2,Fog,0.737,0.585,0.551,0.0,0.02,0.0,0
65.0,Clear,0.906,0.271,0.623,0.01,0.0,0.0,0
35.7,Fog,0.136,0.625,0.754,0.03,0.09,0.0,0
37.2,Clear,0.275,0.642,0.669,0.35,0.11,0.02,0
69.3,Fog,0.938,0.306,0.512,0.0,0.01,0.08,0
30.3,Rain,0.674,0.259,0.314,0.05,0.0,0.0,0
13.5,Rain,0.221,0.627,0.93,0.63,0.06,0.0,0
53.4,Rain,0.009,0.783,0.751,0.03,0.0,0.0,0
72.9,Rain,0.601,0.328,0.43,0.09,0.0,0.05,0
23.0,Clear,0.545,0.305,0.374,0.08,0.0,0.08,0
82.9,Clear,0.1,0.737,0.763,0.6,0.03,0.0,0
62.7,Clear,0.013,0.756,0.887,0.33,0.05,0.04,0
37.0,Fog,0.006,0.774,0.876,0.27,0.17,0.0,0
83.2,Clear,0.503,0.424,0.36,0.02,0.0,0.0,0
66.3,Rain,0.558,0.546,0.445,0.0,0.0,0.0,0
63.4,Rain,0.909,0.24,0.608,0.02,0.01,0.0,0
83.8,Clear,0.601,0.399,0.332,0.0,0.02,0.0,0
40.7,Fog,0.056,0.648,0.885,0.03,0.12,0.06,0
31.4,Fog,0.046,0.845,0.899,0.86,0.17,0.01,1
80.5,Rain,0.635,0.396,0.401,0.0,0.02,0.0,0
93.9,Clear,0.048,0.77,0.842,0.18,0.01,0.0,0
92.4,Clear,0.01,0.801,0.879,0.22,0.0,0.01,0
67.7,Fog,0.935,0.072,0.0,0.0,0.01,0.0,0
28.3,Rain,0.595,0.424,0.335,0.0,0.01,0.05,0
75.5,Fog,0.687,0.578,0.502,0.04,0.01,0.02,0
54.6,Clear,0.558,0.348,0.377,0.06,0.01,0.0,0
72.5,Rain,0.963,0.219,0.55,0.02,0.04,0.0,0
32.8,Rain,0.524,0.334,0.372,0.0,0.02,0.02,0
90.7,Clear,0.006,0.729,0.824,0.51,0.02,0.04,0
80.4,Clear,0.768,0.602,0.652,0.0,0.02,0.0,0
16.7,Clear,0.985,0.063,0.0,0.0,0.0,0.03,0
38.6,Clear,0.54,0.433,0.316,0.02,0.08,0.02,0
68.0,Clear,0.016,0.806,0.83,0.74,0.0,0.02,0
52.3,Fog,0.728,0.313,0.346,0.0,0.01,0.0,0
59.0,Clear,0.706,0.186,0.282,0.09,0.0,0.0,0
72.1,Clear,0.592,0.425,0.424,0.0,0.0,0.01,0
77.6,Rain,0.053,0.869,0.844,0.03,0.0,0.0,0
11.7,Rain,0.755,0.643,0.632,0.0,0.12,0.02,0
61.7,Clear,0.192,0.639,0.847,0.15,0.04,0.03,0
90.9,Rain,0.479,0.471,0.457,0.0,0.04,0.0,0
45.6,Fog,0.38,0.289,0.408,0.49,0.0,0.07,0
63.6,Clear,0.871,0.31,0.63,0.0,0.0,0.0,0
57.8,Fog,0.535,0.358,0.379,0.0,0.03,0.0,0
74.1,Clear,0.98,0.067,0.0,0.0,0.0,0.1,0
15.9,Fog,0.93,0.054,0.031,0.03,0.0,0.01,0
92.6,Clear,0.114,0.712,0.848,0.07,0.03,0.0,0
92.6,Clear,0.737,0.282,0.341,0.03,0.0,0.02,0
70.4,Rain,0.398,0.351,0.474,0.01,0.01,0.04,0
55.4,Clear,0.628,0.326,0.306,0.02,0.0,0.01,0
46.1,Clear,0.088,0.698,0.949,0.37,0.05,0.04,0
11.2,Clear,0.739,0.349,0.302,0.08,0.11,0.03,0
41.4,Fog,0.075,0.862,0.84,0.24,0.06,0.03,0
36.8,Clear,0.156,0.707,0.935,0.26,0.09,0.0,0
69.3,Rain,0.63,0.332,0.437,0.0,0.01,0.01,0
51.1,Clear,0.737,0.292,0.394,0.03,0.06,0.0,0
26.4,Clear,0.011,0.866,0.804,0.96,0.22,0.02,1
68.1,Fog,0.717,0.313,0.348,0.0,0.0,0.01,0
20.7,Rain,0.021,0.764,0.78,0.44,0.04,0.0,0
7.1,Fog,0.987,0.086,0.0,0.0,0.01,0.0,0
25.2,Rain,0.656,0.59,0.587,0.02,0.0,0.03,0
68.9,Clear,0.725,0.354,0.338,0.0,0.03,0.06,0
62.4,Fog,0.53,0.357,0.392,0.02,0.0,0.0,0
43.7,Fog,0.095,0.633,0.768,0.02,0.0,0.01,0
32.1,Fog,0.456,0.412,0.382,0.13,0.06,0.04,0
26.7,Fog,0.931,0.071,0.046,0.04,0.02,0.0,0
44.9,Clear,0.889,0.294,0.679,0.0,0.0,0.0,0
53.0,Clear,0.65,0.3,0.419,0.0,0.02,0.0,0
83.2,Fog,0.659,0.599,0.635,0.0,0.0,0.07,0
23.5,Fog,0.952,0.08,0.0,0.0,0.04,0.0,0
18.1,Fog,0.452,0.343,0.186,0.46,0.07,0.0,0
9.9,Clear,0.12,0.735,0.911,0.88,0.61,0.0,1
83.0,Rain,0.492,0.373,0.445,0.04,0.0,0.04,0
27.3,Clear,0.079,0.769,0.883,0.96,0.11,0.05,1
63.5,Clear,0.717,0.322,0.405,0.01,0.02,0.02,0
69.5,Fog,0.59,0.377,0.414,0.04,0.0,0.03,0
64.1,Clear,0.071,0.771,0.857,0.8,0.0,0.05,0
33.7,Clear,0.016,0.789,0.812,0.95,0.16,0.0,1
6.1,Clear,0.659,0.289,0.361,0.5,0.25,0.03,0
90.5,Clear,0.056,0.774,0.847,0.55,0.05,0.0,0
70.8,Rain,0.227,0.446,0.38,0.02,0.0,0.0,0
5.5,Clear,0.259,0.457,0.209,0.98,0.3,0.06,1
70.3,Rain,0.645,0.372,0.302,0.0,0.0,0.01,0
32.2,Clear,0.031,0.772,0.85,0.85,0.13,0.05,1
86.0,Clear,0.483,0.56,0.326,0.03,0.0,0.07,0
93.0,Clear,0.202,0.804,0.882,0.14,0.04,0.05,0
72.7,Fog,0.093,0.775,0.808,0.62,0.0,0.0,0
93.3,Rain,0.794,0.514,0.685,0.0,0.0,0.01,0
39.0,Rain,0.641,0.406,0.376,0.0,0.0,0.03,0
7.6,Rain,0.069,0.795,0.918,0.83,0.45,0.0,1
70.8,Fog,0.224,0.742,0.861,0.05,0.02,0.03,0
45.2,Clear,0.005,0.76,0.894,0.54,0.01,0.02,0
45.6,Clear,0.23,0.707,0.782,0.54,0.08,0.0,0
15.8,Clear,0.181,0.629,0.908,0.87,0.29,0.0,1
45.4,Rain,0.624,0.345,0.431,0.0,0.02,0.0,0
21.3,Rain,0.222,0.688,0.872,0.38,0.0,0.0,0
54.4,Clear,0.954,0.058,0.0,0.05,0.02,0.04,0
26.3,Clear,0.244,0.595,0.764,0.63,0.05,0.0,0
71.1,Fog,0.72,0.316,0.44,0.0,0.0,0.07,0
17.6,Fog,0.78,0.704,0.526,0.13,0.24,0.05,0
31.3,Rain,0.56,0.315,0.328,0.0,0.02,0.0,0
92.2,Rain,0.201,0.723,0.944,0.0,0.02,0.0,0
29.9,Clear,0.032,0.832,0.789,0.91,0.15,0.0,1
20.7,Fog,0.569,0.369,0.418,0.1,0.01,0.0,0
87.6,Clear,0.232,0.308,0.117,0.1,0.0,0.0,0
33.0,Fog,0.071,0.815,0.759,0.88,0.11,0.02,1
78.4,Clear,0.177,0.781,0.755,0.28,0.05,0.0,0
39.4,Fog,0.531,0.381,0.446,0.0,0.01,0.02,0
18.2,Fog,0.007,0.817,0.774,0.91,0.36,0.03,1
23.8,Rain,0.928,0.328,0.688,0.03,0.02,0.0,0
44.0,Clear,0.252,0.496,0.283,0.09,0.02,0.0,0
49.4,Rain,0.981,0.04,0.028,0.04,0.0,0.04,0
51.9,Rain,0.914,0.306,0.668,0.03,0.03,0.0,0
20.7,Fog,0.701,0.446,0.507,0.35,0.07,0.02,0
81.6,Clear,0.725,0.555,0.631,0.0,0.01,0.0,0
66.6,Clear,0.643,0.394,0.439,0.02,0.0,0.0,0
19.2,Rain,0.925,0.051,0.0,0.01,0.0,0.0,0
14.4,Fog,0.217,0.691,0.349,0.43,0.4,0.0,0
33.5,Clear,0.853,0.283,0.632,0.05,0.04,0.0,0
36.0,Clear,0.488,0.398,0.326,0.55,0.02,0.02,0
80.9,Clear,0.584,0.31,0.417,0.0,0.06,0.0,0
49.3,Rain,0.668,0.34,0.344,0.0,0.01,0.0,0
30.2,Rain,0.906,0.281,0.688,0.02,0.02,0.0,0
15.3,Fog,0.172,0.655,0.816,0.92,0.22,0.07,1
5.3,Fog,0.202,0.604,0.772,1.0,0.44,0.0,1
33.3,Fog,0.338,0.275,0.451,0.15,0.07,0.02,0
64.6,Clear,0.727,0.492,0.674,0.0,0.0,0.02,0
92.5,Fog,0.218,0.748,0.838,0.03,0.03,0.0,0
37.1,Fog,0.526,0.299,0.443,0.0,0.02,0.0,0
82.4,Fog,0.949,0.061,0.0,0.0,0.0,0.07,0
88.6,Clear,0.63,0.634,0.678,0.1,0.0,0.04,0
24.3,Clear,0.16,0.703,0.753,0.69,0.15,0.0,0
76.3,Fog,0.392,0.328,0.227,0.0,0.0,0.0,0
31.3,Clear,0.963,0.071,0.0,0.04,0.0,0.07,0
82.0,Fog,0.614,0.305,0.41,0.0,0.0,0.0,0
51.7,Fog,0.077,0.636,0.92,0.14,0.0,0.01,0
57.2,Clear,0.183,0.623,0.933,0.1,0.0,0.0,0
12.4,Fog,0.593,0.689,0.697,0.49,0.54,0.0,1
71.5,Clear,0.679,0.614,0.59,0.02,0.01,0.03,0
37.3,Clear,0.652,0.577,0.615,0.02,0.07,0.0,0
82.8,Fog,0.041,0.857,0.751,0.1,0.02,0.02,0
62.2,Fog,0.956,0.096,0.0,0.0,0.0,0.01,0
77.7,Clear,0.713,0.247,0.323,0.0,0.0,0.08,0
40.4,Rain,0.072,0.732,0.786,0.33,0.05,0.0,0
24.1,Clear,0.419,0.385,0.45,0.73,0.01,0.0,0
17.1,Clear,0.946,0.074,0.026,0.03,0.01,0.0,0
20.1,Fog,0.052,0.667,0.83,0.91,0.15,0.0,1
8.1,Fog,0.076,0.722,0.785,0.98,0.79,0.05,1
46.9,Rain,0.223,0.785,0.917,0.02,0.0,0.0,0
51.1,Fog,0.623,0.305,0.307,0.0,0.05,0.0,0
34.3,Rain,0.056,0.69,0.861,0.04,0.02,0.0,0
80.6,Clear,0.934,0.271,0.7,0.05,0.0,0.0,0
58.0,Fog,0.245,0.636,0.935,0.18,0.02,0.0,0
13.3,Fog,0.208,0.673,0.769,0.9,0.42,0.06,1
15.0,Clear,0.939,0.178,0.528,0.0,0.05,0.07,0
76.6,Rain,0.567,0.258,0.361,0.0,0.0,0.0,0
43.4,Clear,0.693,0.589,0.587,0.03,0.1,0.0,0
7.9,Fog,0.176,0.679,0.926,0.98,0.54,0.02,1
10.4,Fog,0.663,0.399,0.278,0.87,0.04,0.0,0
87.9,Fog,0.033,0.729,0.763,0.35,0.0,0.01,0
24.9,Rain,0.105,0.711,0.884,0.23,0.0,0.0,0
12.6,Clear,0.94,0.231,0.584,0.0,0.06,0.0,0
29.8,Fog,0.707,0.366,0.401,0.01,0.06,0.0,0
83.7,Rain,0.578,0.335,0.35,0.0,0.01,0.0,0
71.0,Clear,0.956,0.068,0.0,0.0,0.0,0.03,0
47.8,Fog,0.719,0.319,0.422,0.0,0.0,0.0,0
5.9,Fog,0.97,0.087,0.0,0.03,0.02,0.0,0
56.3,Clear,0.169,0.684,0.849,0.45,0.03,0.05,0
25.9,Clear,0.026,0.858,0.893,0.93,0.23,0.01,1
10.2,Fog,0.688,0.411,0.42,0.08,0.21,0.0,0
75.7,Clear,0.193,0.729,0.753,0.36,0.0,0.0,0
31.5,Fog,0.214,0.575,0.81,0.55,0.07,0.0,0
39.2,Clear,0.024,0.884,0.837,0.89,0.1,0.0,0
90.7,Clear,0.129,0.675,0.924,0.2,0.0,0.01,0
31.8,Clear,0.071,0.873,0.817,0.61,0.14,0.05,0
32.2,Fog,0.124,0.786,0.872,0.19,0.0,0.0,0
62.1,Fog,0.863,0.247,0.572,0.0,0.06,0.0,0
86.6,Fog,0.249,0.67,0.775,0.0,0.0,0.0,0
87.0,Clear,0.045,0.785,0.858,0.6,0.04,0.0,0
81.0,Fog,0.074,0.716,0.795,0.01,0.05,0.04,0
53.6,Clear,0.15,0.635,0.854,0.16,0.0,0.0,0
65.0,Clear,0.767,0.568,0.557,0.06,0.02,0.0,0
40.2,Clear,0.218,0.607,0.924,0.46,0.05,0.0,0
63.4,Clear,0.671,0.496,0.225,0.02,0.03,0.01,0
13.1,Rain,0.605,0.345,0.408,0.03,0.03,0.0,0
13.7,Rain,0.582,0.377,0.422,0.17,0.04,0.0,0
17.9,Clear,0.973,0.283,0.577,0.0,0.09,0.0,0
78.4,Fog,0.677,0.178,0.275,0.0,0.0,0.0,0
59.7,Rain,0.799,0.531,0.625,0.0,0.0,0.07,0
85.2,Rain,0.551,0.289,0.361,0.01,0.0,0.0,0
68.1,Fog,0.738,0.234,0.598,0.0,0.0,0.0,0
14.7,Rain,0.634,0.27,0.43,0.08,0.0,0.0,0
68.2,Rain,0.877,0.314,0.505,0.03,0.02,0.01,0
84.7,Rain,0.503,0.192,0.148,0.0,0.01,0.03,0
48.0,Clear,0.898,0.261,0.577,0.0,0.03,0.0,0
65.1,Clear,0.517,0.305,0.392,0.05,0.07,0.0,0
49.6,Fog,0.969,0.07,0.014,0.0,0.01,0.03,0
39.2,Clear,0.069,0.698,0.762,0.48,0.13,0.0,0
62.1,Rain,0.863,0.256,0.674,0.0,0.02,0.0,0
43.8,Clear,0.565,0.347,0.358,0.0,0.01,0.0,0
72.2,Fog,0.859,0.282,0.694,0.0,0.01,0.01,0
64.8,Fog,0.589,0.319,0.438,0.02,0.01,0.0,0
56.1,Clear,0.509,0.33,0.445,0.05,0.04,0.0,0
60.6,Rain,0.959,0.068,0.0,0.01,0.03,0.0,0
51.0,Rain,0.76,0.602,0.657,0.0,0.0,0.0,0
28.2,Fog,0.577,0.408,0.345,0.06,0.06,0.01,0
37.8,Fog,0.695,0.395,0.369,0.02,0.02,0.02,0
82.8,Fog,0.1,0.82,0.792,0.0,0.05,0.0,0
64.4,Fog,0.023,0.745,0.867,0.12,0.06,0.0,0
76.3,Clear,0.763,0.626,0.66,0.0,0.0,0.03,0
47.2,Rain,0.235,0.21,0.102,0.02,0.0,0.05,0
38.9,Clear,0.95,0.048,0.0,0.0,0.01,0.04,0
66.1,Rain,0.606,0.564,0.604,0.05,0.0,0.04,0
52.3,Rain,0.666,0.436,0.353,0.03,0.06,0.03,0
93.2,Fog,0.07,0.777,0.772,0.29,0.0,0.01,0
61.5,Rain,0.984,0.075,0.0,0.02,0.0,0.0,0
30.1,Rain,0.249,0.712,0.487,0.24,0.0,0.01,0
46.1,Fog,0.628,0.551,0.621,0.02,0.02,0.0,0
12.4,Fog,0.366,0.397,0.468,0.24,0.13,0.0,0
71.8,Clear,0.898,0.281,0.534,0.0,0.0,0.0,0
10.0,Clear,0.654,0.428,0.328,0.34,0.25,0.0,0
10.2,Rain,0.957,0.234,0.61,0.0,0.0,0.0,0
27.1,Clear,0.099,0.769,0.876,1.0,0.19,0.0,1
40.0,Fog,0.693,0.536,0.172,0.22,0.08,0.02,0
14.8,Fog,0.438,0.193,0.227,0.72,0.03,0.0,0
57.4,Clear,0.591,0.298,0.418,0.0,0.02,0.08,0
79.3,Fog,0.117,0.644,0.935,0.06,0.03,0.0,0
32.5,Clear,0.074,0.756,0.798,0.97,0.16,0.0,1
37.7,Fog,0.3,0.587,0.532,0.07,0.0,0.0,0
46.4,Rain,0.758,0.53,0.676,0.01,0.06,0.0,0
42.8,Clear,0.614,0.586,0.607,0.0,0.01,0.05,0
7.5,Rain,0.725,0.627,0.615,0.01,0.27,0.0,0
80.3,Rain,0.652,0.392,0.362,0.05,0.02,0.0,0
7.3,Rain,0.638,0.528,0.587,0.14,0.27,0.0,0
36.2,Clear,0.902,0.28,0.522,0.0,0.01,0.0,0
40.6,Rain,0.935,0.061,0.0,0.0,0.0,0.0,0
81.6,Fog,0.525,0.502,0.605,0.0,0.0,0.04,0
43.8,Clear,0.592,0.376,0.405,0.04,0.05,0.0,0
23.8,Rain,0.715,0.345,0.36,0.0,0.03,0.0,0
74.8,Fog,0.951,0.08,0.0,0.0,0.01,0.0,0
78.6,Fog,0.132,0.788,0.92,0.0,0.0,0.07,0
75.5,Clear,0.138,0.678,0.797,0.25,0.0,0.01,0
51.9,Clear,0.73,0.325,0.35,0.0,0.0,0.05,0
44.4,Rain,0.741,0.437,0.346,0.0,0.02,0.0,0
94.3,Fog,0.157,0.677,0.783,0.07,0.02,0.04,0
50.6,Clear,0.967,0.341,0.676,0.0,0.06,0.0,0
25.0,Clear,0.556,0.12,0.675,0.7,0.09,0.03,0
85.7,Clear,0.018,0.75,0.895,0.69,0.0,0.02,0
14.7,Clear,0.177,0.761,0.873,0.91,0.39,0.0,1
59.7,Fog,0.702,0.364,0.365,0.0,0.03,0.0,0
56.9,Fog,0.056,0.793,0.861,0.66,0.03,0.0,0
72.6,Clear,0.886,0.342,0.604,0.0,0.03,0.04,0
61.5,Fog,0.196,0.755,0.876,0.26,0.0,0.01,0
46.8,Clear,0.492,0.409,0.388,0.18,0.0,0.0,0
81.6,Rain,0.157,0.762,0.934,0.0,0.02,0.0,0
47.7,Fog,0.899,0.236,0.679,0.0,0.0,0.0,0
61.2,Clear,0.075,0.767,0.875,0.35,0.01,0.0,0
83.3,Clear,0.09,0.842,0.868,0.6,0.01,0.0,0
68.2,Rain,0.528,0.329,0.423,0.02,0.0,0.02,0
32.3,Clear,0.502,0.432,0.387,0.0,0.06,0.0,0
84.1,Clear,0.977,0.072,0.0,0.01,0.0,0.07,0
52.0,Fog,0.951,0.062,0.0,0.02,0.06,0.0,0
27.3,Rain,0.156,0.747,0.837,0.0,0.01,0.0,0
59.7,Clear,0.077,0.667,0.775,0.31,0.04,0.0,0
22.8,Clear,0.975,0.096,0.0,0.02,0.05,0.0,0
69.0,Rain,0.561,0.256,0.318,0.0,0.0,0.0,0
46.9,Clear,0.381,0.185,0.468,0.19,0.0,0.0,0
57.8,Clear,0.109,0.708,0.936,0.34,0.05,0.08,0
61.7,Fog,0.177,0.759,0.801,0.09,0.05,0.0,0
18.8,Rain,0.089,0.825,0.756,0.77,0.01,0.0,0
13.4,Rain,0.923,0.259,0.656,0.0,0.01,0.04,0
41.8,Fog,0.539,0.341,0.348,0.01,0.05,0.0,0
81.5,Clear,0.572,0.342,0.424,0.0,0.03,0.0,0
45.7,Rain,0.097,0.797,0.755,0.3,0.0,0.0,0
88.7,Rain,0.146,0.662,0.794,0.02,0.0,0.01,0
44.1,Rain,0.671,0.309,0.442,0.05,0.06,0.0,0
76.1,Rain,0.665,0.555,0.611,0.0,0.02,0.1,0
60.9,Clear,0.927,0.096,0.0,0.0,0.0,0.05,0
17.6,Rain,0.906,0.28,0.621,0.0,0.02,0.02,0
31.8,Rain,0.054,0.868,0.756,0.59,0.07,0.06,0
43.1,Fog,0.079,0.757,0.752,0.71,0.07,0.0,0
58.9,Rain,0.169,0.634,0.886,0.0,0.01,0.0,0
24.3,Clear,0.679,0.322,0.316,0.01,0.05,0.0,0
39.8,Clear,0.013,0.857,0.89,0.66,0.1,0.0,0
74.4,Rain,0.09,0.66,0.751,0.0,0.0,0.0,0
83.2,Clear,0.024,0.733,0.764,0.58,0.03,0.02,0
35.6,Rain,0.976,0.035,0.0,0.0,0.0,0.03,0
42.1,Rain,0.937,0.279,0.629,0.0,0.0,0.0,0
48.5,Fog,0.088,0.748,0.781,0.42,0.0,0.0,0
19.3,Fog,0.972,0.05,0.0,0.0,0.0,0.0,0
64.4,Clear,0.799,0.562,0.69,0.01,0.02,0.0,0
63.3,Fog,0.201,0.634,0.926,0.05,0.05,0.03,0
10.1,Rain,0.917,0.339,0.664,0.05,0.07,0.04,0
69.9,Clear,0.641,0.494,0.575,0.0,0.0,0.0,0
82.3,Rain,0.533,0.295,0.38,0.0,0.02,0.01,0
62.6,Fog,0.115,0.658,0.808,0.0,0.02,0.01,0
32.5,Fog,0.751,0.542,0.579,0.0,0.06,0.02,0
87.5,Rain,0.524,0.334,0.324,0.0,0.0,0.0,0
23.3,Rain,0.095,0.868,0.84,0.57,0.06,0.05,0
55.3,Rain,0.701,0.56,0.643,0.02,0.0,0.0,0
52.7,Fog,0.941,0.079,0.0,0.0,0.0,0.0,0
15.7,Rain,0.61,0.416,0.513,0.04,0.03,0.04,0
45.2,Fog,0.417,0.236,0.269,0.07,0.0,0.0,0
51.4,Fog,0.73,0.38,0.169,0.04,0.02,0.0,0
55.4,Rain,0.894,0.319,0.631,0.0,0.0,0.04,0
23.2,Rain,0.66,0.278,0.433,0.0,0.01,0.02,0
27.3,Fog,0.773,0.508,0.159,0.0,0.0,0.01,0
7.6,Fog,0.297,0.535,0.574,1.0,0.5,0.0,1
70.1,Rain,0.68,0.553,0.677,0.0,0.0,0.09,0
56.3,Rain,0.963,0.076,0.0,0.0,0.01,0.0,0
7.9,Fog,0.938,0.043,0.048,0.0,0.01,0.0,0
71.4,Clear,0.373,0.762,0.24,0.05,0.01,0.05,0
20.1,Clear,0.917,0.248,0.683,0.01,0.0,0.02,0
34.0,Fog,0.95,0.356,0.54,0.04,0.01,0.0,0
68.0,Fog,0.744,0.536,0.631,0.02,0.0,0.0,0
83.8,Rain,0.586,0.37,0.41,0.01,0.01,0.03,0
43.5,Fog,0.64,0.348,0.342,0.05,0.01,0.0,0
85.6,Rain,0.055,0.687,0.902,0.06,0.03,0.0,0
85.9,Fog,0.597,0.415,0.341,0.04,0.02,0.0,0
49.8,Clear,0.611,0.343,0.408,0.03,0.01,0.01,0
15.7,Fog,0.051,0.737,0.831,0.76,0.38,0.0,1
92.8,Fog,0.049,0.735,0.775,0.24,0.01,0.02,0
76.9,Fog,0.914,0.191,0.509,0.0,0.0,0.02,0
21.4,Clear,0.714,0.288,0.389,0.13,0.04,0.02,0
91.0,Fog,0.713,0.309,0.428,0.03,0.01,0.01,0
59.0,Clear,0.597,0.317,0.374,0.05,0.0,0.05,0
13.9,Clear,0.965,0.058,0.028,0.0,0.0,0.07,0
9.8,Clear,0.531,0.362,0.349,0.22,0.15,0.0,0
80.5,Clear,0.076,0.835,0.852,0.59,0.05,0.0,0
21.0,Fog,0.665,0.289,0.314,0.02,0.05,0.0,0
13.1,Clear,0.029,0.804,0.768,1.0,0.5,0.01,1
27.6,Clear,0.944,0.273,0.582,0.01,0.0,0.0,0
5.2,Fog,0.247,0.681,0.876,0.89,0.94,0.03,1
64.8,Clear,0.089,0.745,0.826,0.15,0.0,0.0,0
52.7,Clear,0.926,0.064,0.006,0.0,0.04,0.1,0
69.6,Fog,0.062,0.856,0.872,0.0,0.01,0.07,0
32.0,Clear,0.65,0.263,0.322,0.09,0.0,0.0,0
29.5,Clear,0.68,0.431,0.327,0.1,0.09,0.0,0
63.8,Rain,0.022,0.808,0.895,0.0,0.0,0.03,0
58.2,Fog,0.022,0.867,0.828,0.7,0.0,0.04,0
94.4,Clear,0.049,0.779,0.86,0.6,0.0,0.04,0
22.3,Fog,0.588,0.393,0.414,0.0,0.11,0.0,0
17.3,Rain,0.357,0.727,0.631,0.75,0.09,0.01,0
41.5,Fog,0.988,0.076,0.042,0.0,0.0,0.0,0
69.1,Rain,0.583,0.306,0.403,0.0,0.05,0.0,0
45.2,Fog,0.315,0.572,0.446,0.01,0.08,0.03,0
21.3,Clear,0.588,0.356,0.335,0.03,0.04,0.02,0
42.7,Clear,0.724,0.307,0.119,0.0,0.0,0.0,0
94.1,Rain,0.601,0.403,0.343,0.01,0.03,0.01,0
8.6,Clear,0.616,0.334,0.439,0.58,0.21,0.01,0
63.6,Clear,0.274,0.421,0.152,0.1,0.0,0.0,0
28.9,Clear,0.056,0.919,0.878,0.9,0.23,0.02,1
66.9,Rain,0.519,0.373,0.394,0.03,0.04,0.0,0
71.0,Clear,0.745,0.345,0.312,0.04,0.0,0.0,0
86.3,Rain,0.923,0.045,0.0,0.0,0.0,0.02,0
69.2,Rain,0.187,0.605,0.888,0.0,0.04,0.0,0
80.8,Fog,0.062,0.819,0.894,0.12,0.01,0.0,0
20.8,Rain,0.237,0.677,0.787,0.05,0.04,0.0,0
94.9,Rain,0.974,0.072,0.0,0.0,0.01,0.04,0
51.1,Rain,0.069,0.794,0.81,0.07,0.08,0.0,0
44.8,Fog,0.511,0.307,0.311,0.0,0.02,0.0,0
80.9,Fog,0.764,0.359,0.657,0.03,0.0,0.0,0
69.9,Fog,0.517,0.352,0.336,0.0,0.0,0.0,0
82.9,Clear,0.615,0.291,0.351,0.02,0.0,0.0,0
42.3,Fog,0.614,0.341,0.316,0.02,0.01,0.0,0
59.1,Fog,0.531,0.367,0.381,0.0,0.0,0.09,0
27.9,Fog,0.244,0.664,0.796,0.2,0.21,0.0,0
75.7,Clear,0.596,0.339,0.386,0.0,0.0,0.0,0
88.5,Clear,0.512,0.407,0.315,0.05,0.0,0.0,0
25.6,Fog,0.061,0.761,0.851,0.79,0.17,0.0,0
72.8,Clear,0.208,0.706,0.828,0.0,0.0,0.0,0
68.5,Clear,0.641,0.314,0.314,0.02,0.02,0.0,0
81.8,Fog,0.724,0.288,0.378,0.02,0.0,0.0,0
95.0,Fog,0.07,0.748,0.762,0.02,0.02,0.03,0
52.7,Clear,0.881,0.3,0.593,0.02,0.01,0.0,0
75.7,Clear,0.877,0.265,0.679,0.0,0.0,0.03,0
28.6,Rain,0.43,0.628,0.111,0.09,0.0,0.0,0
34.4,Fog,0.098,0.913,0.844,0.86,0.03,0.0,0
83.5,Rain,0.887,0.337,0.537,0.0,0.0,0.0,0
63.3,Rain,0.213,0.749,0.889,0.0,0.04,0.0,0
40.8,Fog,0.654,0.492,0.639,0.0,0.02,0.01,0
77.8,Clear,0.984,0.083,0.0,0.05,0.04,0.0,0
79.9,Clear,0.01,0.752,0.849,0.58,0.03,0.06,0
21.4,Fog,0.708,0.245,0.472,0.38,0.04,0.05,0
45.3,Clear,0.876,0.328,0.563,0.0,0.05,0.02,0
17.9,Rain,0.008,0.86,0.828,0.82,0.07,0.02,0
76.2,Clear,0.048,0.845,0.897,0.57,0.0,0.0,0
62.1,Rain,0.796,0.542,0.556,0.02,0.03,0.0,0
23.9,Fog,0.535,0.264,0.361,0.06,0.02,0.03,0
35.9,Clear,0.462,0.384,0.487,0.7,0.0,0.0,0
60.1,Fog,0.412,0.404,0.494,0.04,0.0,0.0,0
76.1,Fog,0.73,0.517,0.624,0.04,0.0,0.0,0
37.8,Fog,0.602,0.488,0.652,0.0,0.0,0.0,0
9.2,Clear,0.979,0.075,0.0,0.0,0.0,0.0,0
67.0,Rain,0.168,0.735,0.949,0.03,0.01,0.0,0
38.7,Clear,0.657,0.391,0.305,0.03,0.0,0.0,0
22.8,Fog,0.558,0.288,0.311,0.06,0.03,0.0,0
70.2,Rain,0.73,0.419,0.411,0.0,0.0,0.0,0
79.2,Clear,0.87,0.207,0.612,0.0,0.05,0.04,0
77.9,Clear,0.729,0.331,0.414,0.0,0.03,0.03,0
52.5,Rain,0.054,0.641,0.812,0.02,0.05,0.0,0
57.6,Rain,0.679,0.397,0.6,0.0,0.0,0.02,0
39.7,Fog,0.576,0.392,0.364,0.0,0.06,0.05,0
63.8,Clear,0.913,0.281,0.573,0.0,0.01,0.0,0
60.0,Rain,0.523,0.315,0.389,0.01,0.04,0.02,0
55.3,Rain,0.585,0.41,0.431,0.0,0.0,0.0,0
12.8,Clear,0.502,0.381,0.381,0.19,0.13,0.0,0
71.9,Rain,0.63,0.41,0.345,0.0,0.0,0.02,0
43.7,Clear,0.214,0.468,0.24,0.13,0.05,0.01,0
60.8,Clear,0.13,0.77,0.756,0.42,0.05,0.0,0
88.5,Fog,0.231,0.347,0.696,0.06,0.0,0.02,0
73.9,Fog,0.75,0.288,0.43,0.0,0.01,0.0,0
49.9,Clear,0.742,0.543,0.678,0.01,0.06,0.0,0
34.1,Rain,0.079,0.812,0.773,0.17,0.0,0.04,0
54.2,Fog,0.681,0.256,0.398,0.02,0.0,0.06,0
22.1,Rain,0.607,0.309,0.448,0.02,0.04,0.06,0
9.7,Clear,0.946,0.34,0.583,0.0,0.16,0.01,0
61.3,Rain,0.194,0.649,0.865,0.0,0.05,0.04,0
76.5,Rain,0.035,0.796,0.774,0.0,0.0,0.04,0
15.2,Clear,0.297,0.472,0.348,1.0,0.19,0.0,1
56.3,Fog,0.624,0.459,0.404,0.06,0.0,0.0,0
15.5,Fog,0.259,0.182,0.375,0.88,0.02,0.09,0
29.1,Clear,0.748,0.371,0.35,0.05,0.03,0.0,0
62.8,Rain,0.986,0.093,0.0,0.04,0.0,0.0,0
62.4,Rain,0.682,0.466,0.342,0.02,0.06,0.04,0
30.3,Clear,0.657,0.373,0.421,0.03,0.03,0.0,0
86.9,Clear,0.653,0.431,0.563,0.07,0.01,0.01,0
50.1,Rain,0.427,0.7,0.362,0.04,0.0,0.0,0
33.6,Clear,0.184,0.664,0.861,0.56,0.05,0.05,0
59.0,Rain,0.938,0.075,0.048,0.0,0.01,0.05,0
54.4,Rain,0.081,0.88,0.817,0.04,0.01,0.0,0
94.7,Clear,0.397,0.298,0.474,0.0,0.05,0.0,0
65.2,Fog,0.449,0.355,0.573,0.0,0.0,0.04,0
57.8,Fog,0.949,0.068,0.0,0.05,0.0,0.0,0
36.3,Clear,0.099,0.672,0.796,0.28,0.09,0.01,0
74.3,Clear,0.682,0.46,0.637,0.0,0.06,0.03,0
59.3,Clear,0.626,0.326,0.327,0.05,0.01,0.0,0
89.0,Clear,0.28,0.381,0.228,0.03,0.0,0.0,0
44.3,Rain,0.659,0.405,0.357,0.09,0.02,0.0,0
82.2,Rain,0.94,0.29,0.629,0.0,0.0,0.01,0
32.0,Fog,0.923,0.079,0.0,0.01,0.04,0.0,0
14.1,Clear,0.014,0.878,0.794,0.99,0.48,0.0,1
10.2,Clear,0.176,0.707,0.816,0.94,0.47,0.03,1
20.1,Fog,0.04,0.684,0.881,0.99,0.19,0.0,1
44.3,Clear,0.692,0.372,0.41,0.02,0.03,0.0,0
78.0,Fog,0.009,0.803,0.868,0.1,0.02,0.0,0
65.4,Fog,0.673,0.641,0.661,0.0,0.02,0.03,0
58.3,Rain,0.621,0.477,0.583,0.0,0.01,0.0,0
8.1,Rain,0.632,0.554,0.628,0.23,0.21,0.0,0
70.9,Rain,0.953,0.314,0.56,0.0,0.0,0.01,0
84.0,Clear,0.104,0.719,0.823,0.05,0.0,0.0,0
73.5,Clear,0.001,0.821,0.782,0.37,0.02,0.06,0
88.1,Clear,0.914,0.226,0.541,0.0,0.0,0.0,0
13.0,Fog,0.666,0.317,0.38,0.42,0.03,0.0,0
50.3,Fog,0.236,0.637,0.908,0.35,0.01,0.0,0
84.9,Fog,0.961,0.289,0.601,0.05,0.03,0.0,0
59.3,Fog,0.017,0.67,0.851,0.3,0.0,0.01,0
66.0,Fog,0.017,0.909,0.786,0.37,0.03,0.0,0
64.0,Rain,0.031,0.837,0.893,0.0,0.0,0.0,0
70.5,Fog,0.934,0.071,0.0,0.0,0.0,0.0,0
71.1,Fog,0.16,0.793,0.857,0.05,0.0,0.0,0
25.1,Fog,0.616,0.246,0.376,0.19,0.01,0.0,0
33.7,Fog,0.506,0.349,0.333,0.04,0.02,0.01,0
44.6,Clear,0.539,0.341,0.339,0.05,0.0,0.0,0
15.0,Clear,0.602,0.593,0.576,0.03,0.21,0.0,0
93.0,Clear,0.517,0.128,0.196,0.05,0.03,0.0,0
58.5,Clear,0.887,0.357,0.616,0.0,0.1,0.0,0
13.1,Rain,0.614,0.315,0.339,0.02,0.05,0.0,0
33.1,Fog,0.741,0.592,0.631,0.01,0.11,0.0,0
85.5,Rain,0.075,0.712,0.858,0.02,0.0,0.07,0
72.8,Fog,0.216,0.26,0.449,0.1,0.03,0.0,0
52.1,Fog,0.639,0.63,0.47,0.05,0.01,0.06,0
38.5,Clear,0.957,0.072,0.0,0.0,0.07,0.0,0
37.9,Rain,0.185,0.716,0.85,0.08,0.03,0.01,0
36.1,Fog,0.505,0.418,0.179,0.03,0.02,0.0,0
91.4,Fog,0.569,0.312,0.345,0.03,0.04,0.01,0
64.6,Fog,0.503,0.316,0.405,0.0,0.02,0.0,0
20.8,Clear,0.979,0.076,0.0,0.01,0.0,0.0,0
77.8,Clear,0.962,0.068,0.0,0.0,0.02,0.0,0
6.4,Fog,0.972,0.059,0.0,0.05,0.0,0.02,0
62.6,Rain,0.606,0.408,0.457,0.01,0.0,0.0,0
69.9,Clear,0.937,0.08,0.0,0.02,0.02,0.07,0
30.2,Clear,0.516,0.459,0.327,0.17,0.08,0.0,0
22.2,Rain,0.975,0.265,0.578,0.0,0.0,0.0,0
68.6,Rain,0.162,0.592,0.882,0.04,0.03,0.05,0
33.4,Rain,0.978,0.081,0.035,0.07,0.0,0.02,0
78.3,Clear,0.798,0.503,0.578,0.01,0.01,0.0,0
75.8,Fog,0.004,0.927,0.805,0.27,0.08,0.03,0
32.9,Clear,0.075,0.839,0.868,0.58,0.07,0.0,0
9.7,Clear,0.577,0.447,0.526,0.74,0.4,0.0,1
11.7,Clear,0.747,0.333,0.436,0.04,0.08,0.0,0
20.0,Clear,0.0,0.793,0.785,1.0,0.22,0.01,1
56.5,Clear,0.722,0.383,0.593,0.0,0.0,0.05,0
13.6,Fog,0.705,0.401,0.549,0.65,0.05,0.0,0
23.3,Clear,0.989,0.09,0.025,0.0,0.0,0.0,0
24.4,Rain,0.521,0.462,0.445,0.0,0.0,0.0,0
65.2,Clear,0.926,0.082,0.0,0.06,0.0,0.0,0
41.4,Rain,0.693,0.32,0.371,0.02,0.04,0.03,0
8.2,Fog,0.076,0.727,0.772,0.84,0.77,0.05,1
80.7,Rain,0.694,0.409,0.353,0.0,0.0,0.0,0
20.9,Fog,0.65,0.242,0.409,0.0,0.03,0.01,0
24.4,Fog,0.335,0.367,0.663,0.63,0.0,0.0,0
68.4,Fog,0.615,0.461,0.399,0.0,0.05,0.0,0
42.9,Clear,0.731,0.689,0.558,0.01,0.02,0.06,0
66.0,Rain,0.118,0.658,0.809,0.0,0.01,0.0,0
32.9,Rain,0.932,0.251,0.562,0.03,0.05,0.0,0
32.0,Clear,0.588,0.316,0.425,0.16,0.02,0.0,0
19.0,Fog,0.072,0.701,0.805,0.89,0.16,0.04,1
20.4,Clear,0.714,0.369,0.306,0.04,0.06,0.03,0
25.7,Rain,0.727,0.319,0.432,0.0,0.02,0.0,0
78.7,Fog,0.765,0.584,0.691,0.0,0.0,0.03,0
69.4,Rain,0.582,0.421,0.43,0.0,0.11,0.02,0
59.3,Clear,0.562,0.304,0.429,0.0,0.0,0.03,0
31.1,Fog,0.511,0.32,0.393,0.01,0.04,0.0,0
42.4,Rain,0.585,0.363,0.409,0.0,0.02,0.04,0
53.2,Fog,0.488,0.41,0.59,0.08,0.03,0.02,0
11.6,Clear,0.233,0.557,0.641,0.98,0.47,0.01,1
29.8,Rain,0.207,0.352,0.393,0.0,0.0,0.0,0
39.2,Fog,0.051,0.894,0.774,0.24,0.18,0.05,0
75.0,Fog,0.647,0.121,0.301,0.01,0.0,0.0,0
29.9,Clear,0.058,0.819,0.885,0.9,0.19,0.05,1
9.2,Fog,0.544,0.291,0.321,0.35,0.14,0.0,0
51.5,Rain,0.8,0.396,0.129,0.0,0.03,0.01,0
57.3,Fog,0.988,0.044,0.0,0.03,0.0,0.0,0
6.7,Rain,0.105,0.686,0.867,1.0,0.49,0.0,1
19.6,Clear,0.709,0.311,0.67,0.42,0.07,0.04,0
5.2,Fog,0.949,0.301,0.558,0.01,0.28,0.04,0
37.7,Clear,0.01,0.895,0.79,0.97,0.12,0.01,1
90.5,Clear,0.791,0.241,0.64,0.02,0.0,0.04,0
62.7,Clear,0.976,0.194,0.599,0.0,0.0,0.05,0
32.4,Clear,0.054,0.735,0.751,0.79,0.21,0.0,0
52.2,Clear,0.581,0.374,0.328,0.02,0.0,0.0,0
23.4,Clear,0.057,0.781,0.767,0.93,0.2,0.01,1
82.7,Clear,0.308,0.272,0.355,0.21,0.02,0.02,0
70.5,Fog,0.71,0.435,0.366,0.03,0.0,0.06,0
29.5,Fog,0.172,0.729,0.867,0.1,0.19,0.0,0
60.2,Fog,0.871,0.252,0.55,0.01,0.0,0.0,0
28.6,Rain,0.185,0.637,0.881,0.0,0.0,0.0,0
87.2,Fog,0.639,0.326,0.372,0.0,0.04,0.0,0
79.3,Fog,0.503,0.612,0.553,0.07,0.03,0.0,0
9.8,Clear,0.072,0.769,0.815,0.81,0.67,0.0,1
32.3,Fog,0.069,0.809,0.772,0.8,0.01,0.0,0
67.5,Fog,0.742,0.38,0.417,0.0,0.0,0.02,0
13.2,Rain,0.967,0.059,0.0,0.0,0.05,0.05,0
88.7,Clear,0.163,0.639,0.876,0.06,0.06,0.05,0
91.7,Fog,0.718,0.144,0.42,0.0,0.03,0.02,0
17.9,Rain,0.634,0.541,0.693,0.04,0.1,0.0,0
11.2,Rain,0.052,0.56,0.863,0.92,0.21,0.01,1
62.5,Rain,0.565,0.292,0.322,0.0,0.0,0.07,0
48.5,Clear,0.695,0.295,0.364,0.01,0.0,0.0,0
8.8,Clear,0.145,0.79,0.756,0.93,0.66,0.09,1
54.5,Fog,0.19,0.628,0.887,0.09,0.05,0.04,0
32.7,Clear,0.96,0.057,0.048,0.0,0.04,0.0,0
82.9,Clear,0.61,0.235,0.317,0.05,0.0,0.03,0
29.2,Fog,0.69,0.347,0.425,0.05,0.0,0.0,0
23.3,Fog,0.161,0.766,0.784,0.3,0.24,0.0,0
31.1,Rain,0.721,0.405,0.36,0.0,0.03,0.02,0
35.4,Clear,0.534,0.316,0.383,0.08,0.05,0.0,0
83.2,Fog,0.071,0.875,0.772,0.48,0.0,0.0,0
25.8,Clear,0.679,0.349,0.387,0.0,0.01,0.07,0
69.5,Clear,0.752,0.556,0.647,0.0,0.02,0.0,0
9.9,Clear,0.741,0.312,0.484,0.13,0.21,0.06,0
61.7,Fog,0.273,0.566,0.29,0.08,0.0,0.01,0
18.8,Fog,0.091,0.835,0.852,0.88,0.34,0.04,1
52.3,Fog,0.732,0.343,0.332,0.0,0.0,0.0,0
22.1,Clear,0.052,0.752,0.776,0.95,0.28,0.07,1
14.3,Fog,0.514,0.276,0.431,0.32,0.09,0.06,0
44.1,Fog,0.438,0.487,0.171,0.36,0.0,0.0,0
35.8,Clear,0.213,0.29,0.445,0.56,0.02,0.05,0
73.1,Fog,0.089,0.779,0.825,0.05,0.05,0.04,0
75.0,Rain,0.064,0.74,0.793,0.0,0.01,0.0,0
72.7,Fog,0.008,0.837,0.813,0.02,0.01,0.05,0
47.9,Rain,0.716,0.445,0.308,0.0,0.0,0.02,0
43.6,Fog,0.592,0.302,0.436,0.06,0.0,0.01,0
62.4,Clear,0.732,0.487,0.238,0.05,0.04,0.0,0
82.4,Rain,0.713,0.358,0.346,0.0,0.02,0.07,0
58.8,Rain,0.929,0.075,0.0,0.04,0.0,0.0,0
42.5,Clear,0.07,0.757,0.804,0.95,0.09,0.03,1
83.4,Rain,0.211,0.78,0.927,0.0,0.0,0.01,0
34.8,Rain,0.538,0.365,0.309,0.0,0.0,0.01,0
86.3,Clear,0.084,0.819,0.792,0.54,0.0,0.0,0
14.1,Clear,0.904,0.27,0.56,0.0,0.01,0.0,0
71.8,Rain,0.927,0.225,0.55,0.05,0.01,0.0,0
75.7,Clear,0.522,0.418,0.432,0.0,0.0,0.03,0
93.4,Rain,0.954,0.236,0.542,0.0,0.0,0.03,0
